id_novel,id_penulis,id_penerbit,judul,ISBN,bahasa,tahun_terbit,edisi,jumlah_halaman,deskripsi,rating_novel
NI240001,WN24014,PN24015,Bumi Manusia,9789799731234 (ISBN10: 9799731232),Indonesia,1980,Tetralogi Buru (#1),535,"Roman Tetralogi Buru mengambil latar belakang dan cikal bakal nation Indonesia di awal abad ke-20. Dengan membacanya waktu kita dibalikkan sedemikian rupa dan hidup di era membibitnya pergerakan nasional mula-mula, juga pertautan rasa, kegamangan jiwa, percintaan, dan pertarungan kekuatan anonim para srikandi yang mengawal penyemaian bangunan nasional yang kemudian kelak melahirkan Indonesia modern.",4.42
NI240002,WN24028,PN24023,Laskar Pelangi,,Indonesia,2005,Tetralogi Laskar Pelangi #1,543,"Begitu banyak hal menakjubkan yang terjadi dalam masa kecil para anggota Laskar Pelangi. Sebelas orang anak Melayu Belitong yang luar biasa ini tak menyerah walau keadaan tak bersimpati pada mereka. Tengoklah Lintang, seorang kuli kopra cilik yang genius dan dengan senang hati bersepeda 80 kilometer pulang pergi untuk memuaskan dahaganya akan ilmu—bahkan terkadang hanya untuk menyanyikan Padamu Negeri di akhir jam sekolah. Atau Mahar, seorang pesuruh tukang parut kelapa sekaligus seniman dadakan yang imajinatif, tak logis, kreatif, dan sering diremehkan sahabat-sahabatnya, namun berhasil mengangkat derajat sekolah kampung mereka dalam karnaval 17 Agustus. Dan juga sembilan orang Laskar Pelangi lain yang begitu bersemangat dalam menjalani hidup dan berjuang meraih cita-cita. Selami ironisnya kehidupan mereka, kejujuran pemikiran mereka, indahnya petualangan mereka, dan temukan diri Anda tertawa, menangis, dan tersentuh saat membaca setiap lembarnya. Buku ini dipersembahkan buat mereka yang meyakini the magic of childhood memories, dan khususnya juga buat siapa saja yang masih meyakini adanya pintu keajaiban lain untuk mengubah dunia: pendidikan.",4.24
NI240003,WN24014,PN24013,Anak Semua Bangsa,,Indonesia,1975,Tetralogi Buru #2,404,"Di titik ini Minke diperhadapkan antara kekaguman yang melimpah-limpah pada peradaban Eropa dan kenyataan di selingkungan bangsanya yang kerdil. Sepotong perjalanannya ke Tulangan Sidoarjo dan pertemuannya dengan Khouw Ah Soe, seorang aktivis pergerakan Tionghoa, korespondensinya dengan keluarga De la Croix (Sarah, Miriam, Herbert), teman Eropanya yang liberal, dan petuah-petuah Nyai Ontosoroh, mertua sekaligus guru agungnya, kesadaran Minke tergugat, tergurah, dan tergugah, bahwa ia adalah bayi semua bangsa dari segala jaman yang harus menulis dalam bahasa bangsanya (Melayu) dan berbuat untuk manusia-manusia bangsanya.",4.42
NI240004,WN24020,PN24012,Ronggeng Dukuh Paruk,,Indonesia,1982,,406,"Gabungan 3 buku seri Dukuh Paruk: Ronggeng Dukuh Paruk, Lintang Kemukus Dini Hari & Jantera Bianglala.

Semangat Dukuh Paruk kembali menggeliat sejak Srintil dinobatkan menjadi ronggeng baru, menggantikan ronggeng terakhir yang mati dua belas tahun yang lalu. Bagi pedukuhan yang kecil, miskin, terpencil dan bersahaja itu, ronggeng adalah perlambang. Tanpanya dukuh itu merasakah kehilangan jati diri.

Dengan segera Srintil menjadi tokoh yang amat terkenal dan digandrungi. Cantik dan menggoda. Semua ingin pernah bersama ronggeng itu. Dari kaula biasa hingga pekabat-pejabat desa maupun kabupaten.

Namun malapetaka politik tahun 1965 membuat dukuh tersebut hancur, baik secara fisik maupun mental. Karena kebodohannya, mereka terbawa arus dan divonis sebagai manusia-manusia yang telah mengguncangkan negara ini. Pedukuhan itu dibakar. Ronggeng berserta para penabuh calung ditahan.Hanya karena kecantikannya Srintil tidak diperlakukan semena-mena oleh para penguasa penjara itu.

Namun pengalaman pahit sebagai tahanan politikmembuat Srintil sadar akan harkatnya sebagai manusia. Karena itulah setelah bebas, ia berniat memperbaiki citra dirinya. Ia tak ingin lagi melayani lelaki manapun. Ia ingin menjadi wanita somahan. Dan ketika Bajus muncul dalam hidupnya sepercik harapan muncul, harapan yang semakin lama semakin besar.",4.23
NI240005,WN24034,PN24012,Negeri 5 Menara,,Indonesia,2009,"
Negeri 5 Menara (#1)",432,"Alif lahir di pinggir Danau Maninjau dan tidak pernah menginjak tanah di luar ranah Minangkabau. Masa kecilnya adalah berburu durian runtuh di rimba Bukit Barisan, bermain bola di sawah berlumpur dan tentu mandi berkecipak di air biru Danau Maninjau.

Tiba-tiba saja dia harus naik bus tiga hari tiga malam melintasi punggung Sumatera dan Jawa menuju sebuah desa di pelosok Jawa Timur. Ibunya ingin dia menjadi Buya Hamka walau Alif ingin menjadi Habibie. Dengan setengah hati dia mengikuti perintah Ibunya: belajar di pondok.

Di kelas hari pertamanya di Pondok Madani (PM), Alif terkesima dengan “mantera” sakti man jadda wajada. Siapa yang bersungguh-sungguh pasti sukses.

Dia terheran-heran mendengar komentator sepakbola berbahasa Arab, anak menggigau dalam bahasa Inggris, merinding mendengar ribuan orang melagukan Syair Abu Nawas dan terkesan melihat pondoknya setiap pagi seperti melayang di udara.

Dipersatukan oleh hukuman jewer berantai, Alif berteman dekat dengan Raja dari Medan, Said dari Surabaya, Dulmajid dari Sumenep, Atang dari Bandung dan Baso dari Gowa. Di bawah menara masjid yang menjulang, mereka berenam kerap menunggu maghrib sambil menatap awan lembayung yang berarak pulang ke ufuk. Di mata belia mereka, awan-awan itu menjelma menjadi negara dan benua impian masing-masing. Kemana impian jiwa muda ini membawa mereka? Mereka tidak tahu. Yang mereka tahu adalah: Jangan pernah remehkan impian, walau setinggi apa pun. Tuhan sungguh Maha Mendengar.

Bagaimana perjalanan mereka ke ujung dunia ini dimulai? Siapa horor nomor satu mereka? Apa pengalaman mendebarkan di tengah malam buta di sebelah sungai tempat jin buang anak? Bagaimana sampai ada yang kasak-kusuk menjadi mata-mata misterius? Siapa Princess of Madani yang mereka kejar-kejar? Kenapa mereka harus botak berkilat-kilat? Bagaimana sampai Icuk Sugiarto, Arnold Schwarzenegger, Ibnu Rusyd, bahkan Maradona sampai akhirnya ikut campur? Ikuti perjalanan hidup yang inspiratif ini langsung dari mata para pelakunya. Negeri Lima Menara adalah buku pertama dari sebuah trilogi.",4.14
NI240006,WN24014,PN24013,Jejak Langkah,,Indonesia,1985,"
Tetralogi Buru (#3)",558,"Kehadiran roman sejarah ini, bukan saja dimaksudkan untuk mengisi sebuah episode berbangsa yang berada di titik persalinan yang pelik dan menentukan, namn juga mengisi isu kesusastraan yang sangat minim menggarap periode pelik ini. karena itu hadirnya roman ini memberi bacaan alternatif kepada kita untuk melihat jalan dan gelombang sejarah secara lain dan dari sisinya yang berbeda.

Tetralogi ini dibagi dalam format empat buku. pembagian ini bisa juga kita artikan sebagai pembelahan pergerakan yang hadir dalam beberapa periode. Dan roman ketiga ini, Jejak Langkah, adalah fase pengorganisasian perlawanan.

Minke memobilisasi segala daya untuk melawan bercokolnya kekuasaan Hindia yang sudah berabad-abad umurnya. namun Minke tak pilih perlawanan bersenjata. Ia memilih jalan jurnalistik dengan membuat sebanyak-banyaknya bacaan Pribumi. Yang paling terkenal tentu saja Medan Prajaji.

Dengan koran ini, Minke bereru-berseru kepada rakyat Pribumi tiga hal: meningkatkan boikot, berorganisasi, dan menghapuskan kebudayaan feodalistik. Sekaligus lewat langkah jurnalistik, Minke berseru-seru: 'Didiklah rakyat dengan organisasi dan didiklah penguasa dengan perlawanan",4.39
NI240007,WN24025,PN24012,Daun Yang Jatuh Tak Pernah Membenci Angin,,Indonesia,2010,,264,"Dia bagai malaikat bagi keluarga kami. Merengkuh aku, adikku, dan Ibu dari kehidupan jalanan yang miskin dan nestapa. Memberikan makan, tempat berteduh, sekolah, dan janji masa depan yang lebih baik.
Dia sungguh bagai malaikat bagi keluarga kami. Memberikan kasih sayang, perhatian, dan teladan tanpa mengharap budi sekali pun. Dan lihatlah, aku membalas itu semua dengan membiarkan mekar perasaan ini.
Ibu benar, tak layak aku mencintai malaikat keluarga kami. Tak pantas. Maafkan aku, Ibu. Perasaan kagum, terpesona, atau entahlah itu muncul tak tertahankan bahkan sejak rambutku masih dikepang dua.
Sekarang, ketika aku tahu dia boleh jadi tidak pernah menganggapku lebih dari seorang adik yang tidak tahu diri, biarlah... Biarlah aku luruh ke bumi seperti sehelai daun... daun yang tidak pernah membenci angin meski harus terenggutkan dari tangkai pohonnya.",4
NI240008,WN24008,PN24022,Cantik itu Luka,,Indonesia,2002,,537,"Di akhir masa kolonial, seorang perempuan dipaksa menjadi pelacur. Kehidupan itu terus dijalaninya hingga ia memiliki tiga anak gadis yang kesemuanya cantik. Ketika mengandung anaknya yang keempat, ia berharap anak itu akan lahir buruk rupa. Itulah yang terjadi, meskipun secara ironik ia memberinya nama si Cantik.

Lewat novel ini, Eka mengisahkan nasib anak-anak manusia dalam gelombang sejarah bangsa. Manusia-manusia yang telah menjadi korban kekuasaan dan ‘kutukan karma’. Lebih dari itu, lewat tokoh-tokohnya, Eka juga mendedahkan absurditas kecantikan yang bertengger di wajah perempuan. Kisah seorang perempuan cantik keturunan Belanda bernama Dewi Ayu yang menjadi korban kekejaman perang dan perebutan kekuasaan.",4.06
NI240009,WN24014,PN24013,Rumah Kaca,,Indonesia,1988,"
Tetralogi Buru (#4)",484,Rumah Kaca adalah salah satu karya paling ambisius dalam sastra dunia dalam kurun pasca Perang Dunia. - The New Yorker,4.34
NI240010,WN24028,PN24023,Sang Pemimpi,,Indonesia,2006,"
Tetralogi Laskar Pelangi (#2)",292,"Sang Pemimpi adalah sebuah lantunan kisah kehidupan yang memesona dan akan membuat Anda percaya akan tenaga cinta, percaya pada kekuatan mimpi dan pengorbanan, lebih dari itu, akan membuat Anda percaya kepada Tuhan. Andrea akan membawa Anda berkelana menerobos sudut-sudut pemikiran di mana Anda akan menemukan pandangan yang berbeda tentang nasib, tantangan intelektualitas, dan kegembiraan yang meluap-luap, sekaligus kesedihan yang mengharu biru.

Tampak komikal pada awalnya, selayaknya kenakalan remaja biasa, tapi kemudian tanpa Anda sadari, kisah dan karakter-karakter dalam buku ini lambat laun menguasai Anda. Karena potret-potret kecil yang menawan akan menghentakkan Anda pada rasa humor yang halus namun memiliki efek filosofis yang meresonansi. Karena arti perjuangan hidup dalam kemiskinan yang membelit dan cita-cita yang gagah berani dalam kisah dua orang tokoh utama buku ini: Arai dan Ikal akan menuntun Anda dengan semacam keanggunan dan daya tarik agar Anda dapat melihat ke dalam diri sendiri dengan penuh pengharapan, agar Anda menolak semua keputusasaan dan ketakberdayaan Anda sendiri.

“Kita tak kan pernah mendahului nasib!” teriak Arai.
“Kita akan sekolah ke Prancis, menjelajahi Eropa sampai ke Afrika! Apa pun yang terjadi!”",4.16
NI240011,WN24025,PN24012,Negeri Para Bedebah,,Indonesia,2012,"
Negeri Para Bedebah (#1)",440,"Di negeri para bedebah, kisah fiksi kalah seru dibanding kisah nyata.

Di negeri para bedebah, musang berbulu domba berkeliaran di halaman rumah.

Tetapi setidaknya, Kawan, di negeri para bedebah, petarung sejati tidak akan pernah berkhianat.",4.36
NI240012,WN24024,PN24023,Perahu Kertas,9789791227780,Indonesia,2004,,542,"Namanya Kugy. Mungil, pengkhayal, dan berantakan. Dari benaknya, mengalir untaian dongeng indah. Keenan belum pernah bertemu manusia seaneh itu.

...

Namanya Keenan. Cerdas, artistik, dan penuh kejutan. Dari tangannya, mewujud lukisan-lukisan magis. Kugy belum pernah bertemu manusia seajaib itu.

...

Dan kini mereka berhadapan di antara hamparan misteri dan rintangan. Akankah dongeng dan lukisan itu bersatu?

Akankah hati dan impian mereka bertemu?",3.99
NI240013,WN24029,PN24012,Antologi Rasa,9789792274394 (ISBN10: 9792274391),Indonesia,2011,,328,"Tiga sahabat. Satu pertanyaan. What if in the person that you love, you find a best friend instead of a lover?
K e a r a
Were both just people who worry about the breaths we take, not how we breathe.
How can we be so different and feel so much alike, Rul?
Dan malam ini, tiga tahun setelah malam yang membuatku jatuh cinta, my dear, dan aku di sini terbaring menatap bintang-bintang di langit pekat Singapura ini, aku masih cinta, Rul. Dan kamu mungkin tidak akan pernah tahu.
Three years of my wasted life loving you.
R u l y
Yang tidak gue ceritakan ke Keara adalah bahwa sampai sekarang gue merasa mungkin satu-satunya momen yang bisa mengalahkan senangnya dan leganya gue subuh itu adalah kalau suatu hari nanti gue masuk ke ruangan rumah sakit seperti ini dan Denise sedang menggendong bayi kami yang baru dia lahirkan. Yang tidak gue ceritakan ke Keara adalah rasa hangat yang terasa di dada gue waktu suster membangunkan gue subuh itu dan berkata, ""Pak, istrinya sudah sadar,"" dan bahwa gue bahkan tidak sedikit pun berniat mengoreksi pernyataan itu. Mimpi aja terus, Rul.
H a r r i s
Senang definisi gue: elo tertawa lepas. Senang definisi elo? Mungkin gue nggak akan pernah tahu. Karena setiap gue mencoba melakukan hal-hal manis yang gue lakukan dengan perempuan-perempuan lain yang sepanjang sejarah tidak pernah gagal membuat mereka klepek-klepek, ucapan yang harus gue dengar hanya, ""Harris darling, udah deh, nggak usah sok manis. Go back being the chauvinistic jerk that I love.""
Thats probably as close as I can get to hearing that she loves me.",3.75
NI240014,WN24019,PN24019,Ca-bau-kan: Hanya sebuah dosa,9789799023254 (ISBN10: 9799023254),Indonesia,1999,,404,"Kisah tentang perjuangan sepasang anak manusia beda etnis pada masa-masa akhir Hindia-Belanda sampai perjuangan kemerdekaan Indonesia...

""Saya tidak marah kalau Anda, seperti lidah Melayu, kepalang melafalkan ca-bau-kan menjadi cabo. Yang saya marah, kalau Anda kira ca-bau-kan atau cabo itu perempuan yamg tiada bermoral. Ini pembelaan. Bukan hanya pembetulan.""",3.83
NI240015,WN24006,PN24014,Lalita,9789799104939 (ISBN10: 9799104939),Indonesia,2012,Bilangan Fu (#3),256,"Lalita menerima sejilid kertas tua berisi bagan-bagan mandala, dan sejak itu setiap hari pengetahuannya tentang sang kakek bertambah. Setiap kali pengetahuan itu bertambah banyak, setiap kali pula sang kakek bertambah muda dalam penglihatannya. Pada suatu titik ia bisa sepenuhnya melihat seorang remaja berumur tiga belas tahun, yang berdiri lurus kaku dan kepala sedikit miring seolah melihat sesuatu yang tidak dilihat orang lain.

Apa hubungan semua itu dengan Candi Borobudur? itu akan menjadi petualangan Yuda, Marja, dan Parang Jati.",3.68
NI240016,WN24016,PN24001,Dilan Bagian Kedua: Dia Adalah Dilanku Tahun 1991,9786027870994 (ISBN10: 6027870990),Indonesia,2015,Dilan (#2),344,"""Jika aku berkata bahwa aku mencintainya, maka itu adalah sebuah pernyataan yang sudah cukup lengkap.""
―Milea

""Senakal-",3.96
NI240017,WN24001,PN24006,Katak Hendak Jadi Lembu,,Indonesia,1935,,178,,3.65
NI240018,WN24015,PN24010,Refain,9789797803629 (ISBN10: 9797803627),Indonesia,2009,,318,"Tidak ada persahabatan yang sempurna di dunia ini, yang ada hanya orang-orang yang berusaha sebisa mungkin untuk mempertahankannya.

**

Ini bisa jadi sebuah kisah cinta biasa. Tentang sahabat sejak kecil, yang kemudian jatuh cinta kepada sahabatnya sendiri. Sayangnya, di setiap cinta harus ada yang terluka.

Ini barangkali hanya sebuah kisah cinta sederhana. Tentang tiga sahabat yang merasa saling memiliki meskipun diam-diam saling melukai.

Ini kisah tentang harapan yang hampir hilang. Sebuah kisah tentang cinta yang nyaris sempurna, kecuali rasa sakit karena persahabatan itu sendiri.",3.87
NI240019,WN24025,PN24012,"Kau, Aku & Sepucuk Angpau Merah",9789792279139,Indonesia,2012,,512,"Ada tujuh miliar penduduk bumi saat ini. Jika separuh saja dari mereka pernah jatuh cinta, maka setidaknya akan ada satu miliar lebih cerita cinta. Akan ada setidaknya 5 kali dalam setiap detik, 300 kali dalam semenit, 18.000 kali dalam setiap jam, dan nyaris setengah juta sehari-semalam, seseorang entah di belahan dunia mana, berbinar, harap-harap cemas, gemetar, malu-malu menyatakan perasaanya.
Apakah Kau, Aku, dan Sepucuk Angpau Merah ini sama spesialnya dengan miliaran cerita cinta lain? Sama istimewanya dengan kisah cinta kita? Ah, kita tidak memerlukan sinopsis untuk memulai membaca cerita ini. Juga tidak memerlukan komentar dari orang-orang terkenal. Cukup dari teman, kerabat, tetangga sebelah rumah. Nah, setelah tiba di halaman terakhir, sampaikan, sampaikan ke mana-mana seberapa spesial kisah cinta ini. Ceritakan kepada mereka.


Seperti biasa, Tere Liye selalu bisa mencungkil hal-hal istimewa dari kehidupan yang tidak menarik perhatian. Belinda, calon dokter gigi

Tentang cinta pertama yang begitu memukau, mengajari tetapi tidak menggurui. Ayu Aditya Saputri, calon guru SLB

Jika selama ini kita sering dijejali cerita cinta termehek-mehek, maka Borno dan Mei adalah orisinal cerita cinta tentang pengorbanan yang tidak akan membuat kita menjadi mellow. Ariza, guru TK

Novel yang berbeda. Mengangkat profesi yang tidak pernah ada di novel mana pun. Kisah cinta yang sederhana, indah, dan klasik. Umi Futikhah, guru

Saya berdoa semoga saya bisa menjadikan anak lelaki saya “bujang berhati paling lurus” seperti Borno. Amin. Putri, buruh pabrik",4.18
NI240020,WN24002,PN24006,Aki,(ISBN10: 9796661837),Indonesia,1994,,62,"Pengarang dalam cerpen ini mengangkat sebuah cerita tentang seorang lelaki bernama Aki yang berumur 29 tahun yang kelihatan sudah berumur 42 tahun karena mengidap penyakit yang cukup parah yang mengakibatkan Aki meramalkan bahwa dia akan meninggal tanggal 16 Agustus tahun depan. Tidak ada orang yang tahu, apakah Aki pernah ingat kepada Tuhan. Sembahyang ia tidak pernah, puasa pun tidak. Tapi ia dari dulu baik hati kepada siapa pun dan banyak orang sangsi, mana yang lebih disukai Tuhan: sembahyang tunggang-balik lima kali sehari dan puasa setiap bulan Ramadhan, tapi berbuat banyak kejahatan atau tidak sembahyang dan puasa, tapi berhati baik yang tiada tandingan seperti Aki itu.",3.72
NI240021,WN24006,PN24014,Maya,9789799106261,Indonesia,2013,"        
Bilangan Fu (#4), Saman (#3)
Characters        ",249,"Setelah dua tahun Saman dinyatakan hilang, kini Yasmin menerima tiga pucuk surat dari kekasih gelapnya itu. Bersama surat itu Saman juga mengirimkan sebutir batu akik. Untuk menjawab peristiwa misterius itu Yasmin yang sesungguhnya sangat rasional terpaksa pergi ke seorang guru kebatinan, Suhubudi, ayah dari Parang Jati. Di Padepokan Suhubudi Yasmin justru terlibat dalam suatu kejadian lain yang baginya merupakan perjalanan batin untuk memahami diri sendiri, cintanya, dan negerinya—sementara Parang Jati menjawab teka-teki tentang keberadaan Saman. Cerita ini berlatar peristiwa Reformasi 1998.",3.74
NI240022,WN24025,PN24018,Rindu,9786028997904,Indonesia,2014,,544,"""Apalah arti memiliki, ketika diri kami sendiri bukanlah milik kami?

Apalah arti kehilangan, ketika kami sebenarnya menemukan banyak saat kehilangan, dan sebaliknya, kehilangan banyak pula saat menemukan?

Apalah arti cinta, ketika menangis terluka atas perasaan yg seharusnya indah? Bagaimana mungkin, kami terduduk patah hati atas sesuatu yg seharusnya suci dan tidak menuntut apa pun?

Wahai, bukankah banyak kerinduan saat kami hendak melupakan? Dan tidak terbilang keinginan melupakan saat kami dalam rindu? Hingga rindu dan melupakan jaraknya setipis benang saja”

Rindu- Tere Liye. Lima kisah dalam sebuah perjalanan panjang kerinduan.",4.27
NI240023,WN24031,PN24012,Karmila,,Indonesia,1973,,512,"Karmila seorang mahasiswi kedokteran yang masih hijau dalam suatu pesta gila tertimpa malapetaka.

Akibatnya, rencana studi, bahkan seluruh rencana hidup kacau-balau. Hati Karmila terkoyak antara ikatan yang tak dikehendakinya dengan pemuda yang telah mencemarkannya di satu pihak dan kesetiaan pada tunangan yang masih tetap mencintainya di lain pihak.

Dengan gaya bahasa yang hidup, segar, dan dengan kehalusan perasaannya, Marga T melukiskan pergulatan batin Karmila. Di bawah bimbingan naluri kewanitaannya, gadis dari keluarga baik-baik ini mengolah malapetaka yang telah menimpanya, dengan caranya sendiri.",3.72
NI240024,WN24036,PN24012,Autumn in Paris,(ISBN10: 9792230300),Indonesia,2007,"
Season Series (#2)",272,"Tara Dupont menyukai Paris dan musim gugur. Ia mengira sudah memiliki segalanya dalam hidup… sampai ia bertemu Tatsuya Fujisawa yang susah ditebak dan selalu membangkitkan rasa penasarannya sejak awal.

Tatsuya Fujisawa benci Paris dan musim gugur. Ia datang ke Paris untuk mencari orang yang menghancurkan hidupnya. Namun ia tidak menduga akan terpesona pada Tara Dupont, gadis yang cerewet tapi bisa menenangkan jiwa dan pikirannya… juga mengubah dunianya.

Tara maupun Tatsuya sama sekali tidak menyadari benang yang menghubungkan mereka dengan masa lalu, adanya rahasia yang menghancurkan segala harapan, perasaan, dan keyakinan. Ketika kebenaran terungkap, tersingkap pula arti putus asa… arti tak berdaya… Kenyataan juga begitu menyakitkan hingga mendorong salah satu dari mereka ingin mengakhiri hidup...

Seandainya masih ada harapan - sekecil apa pun - untuk mengubah kenyataan, ia bersedia menggantungkan seluruh hidupnya pada harapan itu...
 ",4.12
NI240025,WN24035,PN24007,Kura-Kura Berjanggut,9789791079648,Indonesia,2018,,960,"Dua budak perempuan Abesy turun di Bandar Lamuri pada paruh kedua abad keenam belas. Bintang-bintang di langit pun mulai bergerak menandai awal mula perubahan besar di negeri-negeri Selat Malaka. Anak lelaki salah seorang budak itu kemudian tampil merebut kekuasaan melalui Pembasmian Merica. Dinasti lama tersingkir, de",4.51
NI240026,WN24026,PN24012,Separuh Bintang,978979245455,Indonesia,2009,,320,"Cinta itu nggak butuh alasan. Jika cinta membutuhkan alasan, ketika alasan itu hilang, cinta juga akan hilang bersamanya.... Lalu ketika seseorang yang kita cintai itu menghilang, apakah kita juga harus hilang bersamanya?
Dunia seakan terbalik bagi Chiara. Dalam sekejap hidupnya yang penuh kebahagiaan berubah. Setelah tahu statusnya sebagai anak haram----yang menyebabkan ayahnya marah dan kabur dari rumah, ditambah meninggalnya ibu dan kakaknya----Chiara mengunci rapat-rapat sebagian dirinya.
Di tengah kesedihan dan keterpurukannya itu, Aldy, sahabat sejatinya sejak kanak-kanak, selalu setia menemaninya. Tapi, bisakah kesabaran dan ketulusan Aldy membuat Chiara bangkit lagi? Atau mungkin, perlu muncul kisah dan tokoh baru untuk memulai episode hidup Chiara yang selanjutnya? Who knows?
",3.91
NI240027,WN24004,PN24012,"Jangan Pergi, Lara",9789796059409 (ISBN10: 9796059401),Indonesia,1998,,195,"Karena iba pada saudara kembar Lara yang mengidap penyakit jantung, Dokter Adrian memilih Lina, dan memutuskan hubungannya dengan Lara. Lara kemudian berpaling pada Dedi, bekas pasiennya yang selalu mengejar-ngejar dirinya.

Dokter Adrian baru menyesali keputusannya ketika sesudah dia menikah dengan Lina, Lara didiagnosis mengidap kanker tulang....

Akan kembalikah Dokter Adrian pada cinta pertamanya? Tegakah Lara mengkhianati saudara kembarnya, meskipun dia sendiri tengah berada di bawah bayang-bayang maut?

Jangan Pergi Lara, Novel Mira W yang telah diangkat ke layar kaca dengan judul Cinta Dara Kembar.",3.94
NI240028,WN24025,PN24012,Bintang,9786020351179 (ISBN10: 6020351173),Indonesia,2017,Bumi (#4),392,"Kami bertiga teman baik. Remaja, murid kelas sebelas. Penampilan kami sama seperti murid SMA lainnya. Tapi kami menyimpan rahasia besar.

Namaku Raib, aku bisa menghilang. Seli, teman semejaku, bisa mengeluarkan petir dari telapak tangannya. Dan Ali, si biang kerok sekaligus si genius, bisa berubah menjadi beruang raksasa. Kami bertiga kemudian bertualang ke dunia paralel yang tidak diketahui banyak orang, yang disebut Klan Bumi, Klan Bulan, Klan Matahari, dan Klan Bintang. Kami bertemu tokoh-tokoh hebat. Penduduk klan lain.

Ini petualangan keempat kami. Setelah tiga kali berhasil menyelamatkan dunia paralel dari kehancuran besar, kami harus menyaksikan bahwa kamilah yang melepaskan “musuh besar”-nya.
Ini ternyata bukan akhir petualangan, ini justru awal dari semuanya…
Buku keempat dari serial “BUMI”",4.42
NI240029,WN24027,PN24020,Janshen,9786022202417,Indonesia,2017,,3,"“Risa, kau gemuk!”
“Risa, aku takut hujan!”
“Risa, aku benci disebut hantu!”
“Risa, seandainya gigiku tak ompong!”
“Risa, aku rindu Anna….”
“Risa… terima kasih, biarpun kau jelek, aku menyayangimu. Sama seperti sayangku kepada Annabelle. Jangan berhenti menemuiku karena menemuimu membuatku merasa hidup.”
—Jantje Heinrich Janshen—

Selama ini kita memanggilnya “Janshen”, padahal itu adalah nama belakang keluarganya. Sejak lahir, anak ini dianggap sebagai pembawa kebahagiaan karena siapa pun yang ada di sekitarnya selalu merasa bahagia. Tak ada yang mau tahu bagaimana kisah hidupnya. Semua sahabat hantuku tak tertarik mencari tahu karena masalah terberat seorang Janshen hanyalah gigi ompong yang membuat anak itu menjadi bulan-bulanan. Kupikir hidupnya selalu menyenangkan, kupikir harinya selalu dipenuhi tawa. Ternyata aku salah, anak sekecil dan selucu dia harus menghadapi banyak masalah hingga akhir hidup. Selamat datang di kehidupan si hantu ompong favoritku. Selamat menyelami sisi gelap masa lalunya.",4.18
NI240030,WN24005,PN24021,Anak Gembala Yang Tertidur Panjang di Akhir Zaman,,Indonesia,2019,,364,"Novel Anak Gembala yang Tertidur Panjang di Akhir Zaman menuturkan kisah Rara Wilis dan Suko Djatmoko. Alurnya maju dan mundur, mencakup masa lebih dari tiga dekade, menembus dan mengaburkan batas antara realitas serta mimpi, bermain-main dalam kabar gaib serta penafsirannya, melompat-lompat di antara bahasan seks dan teologi, iman dan skeptisme, pelacur dan Tuhan, hikayat babi dan epos Mahabharata.
Lebih dari itu, novel ini diangkat dari kisah nyata. Maka benarlah, sesungguhnya kehidupan manusia sering kali lebih ganjil dari cerita fiksi mana pun.",4.08
NI240031,WN24024,PN24023,Rapijali 3: Kembali,9786022918660,Indonesia,2021,Rapijali (#3),776,"Delapan tahun berlalu. Ping telah berhasil menjadi penyanyi terkenal. Pada puncak kariernya, bayangan kelam mengintai dan menggerogotinya dari dalam. Di titik terendahnya, Ping menemukan secercah kehidupan lama yang ia rindukan, termasuk kawan lamanya, Oding.

Namun, segala sesuatunya tidak lagi sama.

Sementara itu, reuni akbar Pradipa Bangsa mempertemukan band Rapijali yang sudah tercerai-berai. Sebuah undangan pentas pun memaksa mereka berkumpul kembali. Sayangnya, proses yang harus mereka tempuh tidak sesederhana itu.

Dapatkah Rapijali utuh kembali?",4.43
NI240032,WN24022,PN24012,Perempuan yang Menangis kepada Bulan Hitam,9786020648453,Indonesia,2020,,300,"Magi Diela diculik dan dijinakkan seperti binatang. Sirna sudah impiannya membangun Sumba. Kini dia harus melawan orangtua, seisi kampung, dan adat yang ingin merenggut kemerdekaannya sebagai perempuan. Ketika budaya memenjarakan hati Magi yang meronta, dia harus memilih sendiri nerakanya: meninggalkan orangtua dan tanah kelahirannya, menyerahkan diri kepada si mata keranjang, atau mencurangi kematiannya sendiri.

Perempuan yang Menangis kepada Bulan Hitam ditulis berdasarkan pengalaman banyak perempuan korban kawin tangkap di Sumba. Tradisi kawin tangkap menggedor hati Dian Purnomo untuk menyuarakan jerit perempuan yang seolah tak terdengar bahkan oleh Tuhan sekalipun.",4.61
NI240033,WN24013,PN24009,Dead Smokers Club Part 1,9786021757116 (ISBN10: 9786021757),Indonesia,2013,Dead Smokers Club (#1),192,"“Selamat datang di T&T Boarding High School for Young Gentlemen!”

Adrian—yang semula hidup sederhana di panti asuhan—tidak menyangka hidupnya akan berubah begitu dia diterima bersekolah di T&T Boarding High School.

Di sana, dia berteman dengan siswa-siswa gila, eksentrik, tengil, badung, nekat, cerdas, kreatif, genius, berbakat, dan banyak akal. Ada siswa cerdik yang mengencani gurunya sendiri, ada ketua OSIS genius, wakil ketua OSIS yang jago kebut-kebutan, punker temperamental, hacker obesitas, drag queen, playboy kronis, penderita kepribadian ganda, emo psikopat, dan pemimpin Lunarchist yang taat.

Di sekolah tersebut, Adrian pun menemukan bakat terpendam yang tidak dia sadari sebelumnya. Dan, akibat bakatnya itu, dia diculik oleh sekelompok pria bertopeng dari klub misterius bernama Dead Smokers Club.

Apa yang diinginkan oleh kelompok tersebut dari Adrian? Bagaimana nasib Adrian di tangan mereka? Apa yang akan terjadi selanjutnya?

Inilah babak pertama dari trilogi petualangan sinting Adrian dan teman-temannya…",3.57
NI240034,WN24017,PN24002,Geni Jora,978979433856,Indonesia,2003,,272,"Novel Geni Jora ini sarat dengan gugatan seorang perempuan muslim terhadap persoalan gender : pendidikan yang amat diskriminatif bagi perempuan, poligami, lesbianisme, dominasi laki-laki, kekerasan dalam rumah tangga (KDRT) serta seksualitas perempuan. Bentuk perlawanan itu tampil dalam sosok seorang feminis muslim, Kejora yang, sayangnya, terlalu sempurna.",3.53
NI240035,WN24037,PN24017,Siege of Krog Naum,9789791038171,Indonesia,2009,Tanril (#2),236,"""Ia tertawa melihat penampilan sahabatnya itu. Wander terlihat seperti seorang tukang cerita keliling. Seluruh tubuhnya ditutupi jubah yang tebal dan panjang berwarna kelabu, menututpi seluruh tubuhnya, dengan kerah tinggi yang menutupi sampai bibir bawahnya. Karena tidak mengenakan pelindung kepala, rambutnya yang berwarna hitam terlihat menyembul. Senjatanya itu begitu tidak cocok dengan penampilannya, sebuah tongkat kayu yang luar biasa panjang. Sekitar delapan meter, yang tampak membuat Wander bagaikan kurcaci, tapi tongkat itu seakan seringan bulu di tangannya...""",3.44
NI240036,WN24032,PN24024,Cinta Tak Pernah Tepat Waktu,,Indonesia,2005,TETRA KARYA PUTHUT EA,319,,3.83
NI240037,WN24011,PN24010,The Truth about Forever: Kebencian Membuatmu Kesepian,9789797802295 (ISBN10: 9797802299),Indonesia,2008,,284,"Seberapa berharga sih satu detik itu? Tik. Sebentar saja dia langsung berlalu. Tik. Satu detik pergi lagi. Tak ada harganya.

Tapi tunggu sampai kau sadar waktumu hampir habis. Tik. Kau ingat selama ini jarang beramal. Kau teringat mimpi-mimpi yang nggak sempat kau wujudkan. Kau sadar nggak cukup menyayangi keluarga dan teman-temanmu. Tik. Tik. Tik. Kau panik, takut menyia-nyiakan lebih banyak waktu lagi.",4.08
NI240038,WN24007,PN24012,Jejak Kupu-kupu,9789792210156 (ISBN10: 9792210156),Indonesia,2004,,520,"Alisa merasa terpukul ketika roda kehidupan memutarbalikkan nasibnya. Dia terbiasa dengan kemewahan tiba-tiba harus menjadi penghuni panti asuhan ketika orangtuanya meninggal karena kecelakaan. Apalagi Danu, pengelola panti yang sebetulnya tampan itu, bersikap sangat dingin dan keras padanya. Pulang malam tidak boleh, pacaran dimarahi, apalagi bersenang-senang dengan gengnya di kafe. Betul-betul menyebalkan. Belum lagi setumpuk tugas di panti yang harus dilakukan sesuai pembagian

Namun, lambat laut Alissa berubah. Dari gadis manja dia menjadi gadis mandiri. Dari yang hanya memikirkan diri sendiri, dia mulai memerhatikan dan menolong kesulitan teman-temannya dipanti. Dari gadis kaya yang boros menjadi gadis yang hemat dan memanfaatkan uang sedikit yang dimilikinya dengan baik.

Tapi perubahan yang besar adalah perasaannya terhadap Danu. Dari benci dia malah mencintai pria itu mati-matian. Dia tidak peduli walaupun umur yang terbetang di antara mereka cukup jauh. Dan Alissa yakin sebetulnya dia tidak bertepuk sebelah tangan. Tapi, kenapa Danu selalu menyembunyikan perasaannya? Kenapa lelaki itu selalu menarik diri ketika percik-percik kemesraan mulai bermunculan di antara mereka? Dan, yang tidak bisa diterimanya, kenapa lelaki itu malah menikahi Catherine yang tidak dicintainya?

Untuk melupakan lelaki itu, Alissa memilih meneruskan kulaihnya di Singapura. Dan empat tahun kemudian, dia kembali dikejutkan oleh peristiwa yang sama sekali tak diduganya, peristiwa yang membuatnya membenci Danu...",3.85
NI240039,WN24011,PN24003,The Chronicles of Audy: 4/4,9786027742536,Indonesia,2015,The Chronicles of Audy (#3),320,"Hai. Namaku Audy. Umurku masih 22 tahun. Hidupku tadinya biasa-biasa saja, sampai aku memutuskan untuk bekerja di rumah 4R dan jatuh hati pada salah seorang di antaranya. Kuakui aku bertingkah (super) norak soal ini, tapi kenapa dia malah kelihatan santai-santai saja? Setengah mati aku berusaha jadi layak untuknya, tapi dia bahkan tidak peduli! Di saat aku sedang dipusingkan oleh masalah percintaan ini, seperti biasa, muncul masalah lainnya. Tahu-tahu saja, keluarga ini berada di ambang perpisahan. Aku tidak ingin mereka tercerai-berai, tapi aku bisa apa? Ini, adalah kronik dari kehidupanku yang masih saja ribet. Kronik dari seorang Audy.",4.3
NI240040,WN24025,PN24018,Pergi,9786025734052,Indonesia,2018,Si Babi Hutan (#2),460,"Sebuah kisah tentang menemukan tujuan, ke mana hendak pergi, melalui kenangan demi kenangan masa lalu, pertarungan hidup-mati, untuk memutuskan ke mana langkah kaki akan dibawa.",4.41
NI240041,WN24012,PN24014,Tiba Sebelum Berangkat,9786024243517,Indonesia,2018,,212,"Bored its all that i can say, to much repetition, flashback, and Lack of detail. Plus its not the ends yet, oohh the first one is better. “Bagaimana cara mengenali hidup ini?” “Kau akan menemukan jawabannya pada napasmu. Di antara yang terembus dan terhela, ada jawaban untuk semua pertanyaan. Bahkan ia lebih nyata dari seseorang yang kau temukan di muka cermin,” katanya. Setelah Negara Indonesia Timur bubar, seorang tentara gerilya keluar masuk hutan untuk memintanya segera menyelamatkan diri. Namun, ia bertahan dan tetap menjadi bissu hingga akhirnya ia menemukan tubuh-tubuh hangus dikoyak anjing—salah satunya, tubuh kekasihnya. Kisah yang terbentang dari tahun 1950 sampai ketika Anda membacanya saat ini. Pengkhianatan, air mata, penyiksaan, dendam, kematian, amarah dan cerita cinta yang muram dikisahkan oleh seseorang yang sedang berada di ruang penyekapan. Seseorang yang menunggu satu per satu anggota tubuhnya ditanggalkan sebelum dijual.",4.06
NI240042,WN24033,PN24016,Catatan Juang,9789797945497,Indonesia,2017,,312,"Seseorang yang akan menemani setiap langkahmu dengan satu kebaikan kecil setiap harinya. Tertanda, Juang",4.31
NI240043,WN24021,PN24005,Meredam Dendam,9786028556057,Indonesia,2009,,293,"Seorang pembobol bank masuk penjara, dan membaca kembali kliping koran-koran Indonesia dari tahun 1965. Namun ia sendiri hidup dalam berbagai dunia, yang tidak selalu bisa dipisahkannya, karena memang hadir begitu nyata. Dari mistik sampai politik, dari cinta sampai bencana, dari yang masuk akal sampai yang gila ...

Kalatidha = Zaman Rusak",3.87
NI240044,WN24023,PN24012,Kalatidha,(ISBN10: 979222503x),Indonesia,2007,,234,"Seorang pembobol bank masuk penjara, dan membaca kembali kliping koran-koran Indonesia dari tahun 1965. Namun ia sendiri hidup dalam berbagai dunia, yang tidak selalu bisa dipisahkannya, karena memang hadir begitu nyata. Dari mistik sampai politik, dari cinta sampai bencana, dari yang masuk akal sampai yang gila ...",3.39
NI240045,WN24010,PN24008,Valharald,9786029556391,Indonesia,2010,,411,"VALHARALD berkisah tentang perjalanan dan petualangan 12 Ksatria Talismandala dalam menjalani misi dan takdirnya sebagai ksatria cahaya, menyelamatkan negeri VarchLand dari kekuatan kegelapan. Valharald bercerita tentang perjalanan, petualangan, panggilan jiwa, keberanian dan seruan moral untuk mementingkan kepentingan bersama di atas kepentingan pribadi. Dua belas ksatria bisa jadi adalah diri kita yang tengah terpanggil untuk melakukan sebuah perubahan besar dalam hidup, namun kita selalu saja dilanda pertanyaan-pertanyaan: benarkah saya harus berubah? Beranikah kita untuk melakukan sesuatu yang besar dalam hidup kita? Melawan atau Mati!",3.27
NI240046,WN24003,PN24011,Tembang Tanah Air,9789794036433 (ISBN10: 9794036439),Indonesia,1989,,,,4.01
NI240047,WN24018,PN24012,Kita Pergi Hari Ini,,Indonesia,2021,,192,"Mi dan Ma dan Mo tidak pernah melihat kucing seperti Nona Gigi. Tentu saja, mereka sudah pernah melihat kucing biasa. Tapi Nona Gigi adalah Kucing Luar Biasa. Kucing Luar Biasa berarti kucing yang di luar kebiasaan. Nona Gigi adalah Cara Lain yang dinantikan oleh Bapak dan Ibu Mo untuk menjaga Mi, Ma, dan Mo ketika keduanya keluar rumah mencari uang. Sebab di Kota Suara, semua uang yang tersedia di dasar laut sudah diambil oleh para perompak, uang di bawah tanah diambil oleh para perampok, dan uang di ranting pohon diambil oleh pengusaha kayu yang jahat. Nona Gigi mengajak Mi dan Ma dan Mo dan Fifi dan Fufu—anak kembar Tetangga Baru bertualang mengunjungi tempat-tempat indah. Mereka naik Kereta Air, bertemu Kolonel Jagung, bermain di Sirkus Sendu, dan menyaksikan kemegahan Kota Terapung Kucing Luar Biasa. Kita pergi hari ini. Ke tempat-tempat indah dalam mimpi-mimpi anak-anak baik-baik.",4.31
NI240048,WN24030,PN24025,Kremil,9789799483799 (ISBN10: 9799483794),Indonesia,2002,,782,"Kremil. Mendengar ucapan Kremil, laki-laki Surabaya menoleh dan menajamkan pendengarannya, ingin mendengar cerita tentang Kremil lanjutannya. Mengaku kenal Surabaya, kalau tidak mengenal tentang Kremil, tidak sempurna, Andaikata seluruh wilayah Surabaya itu Asia tenggara, Kremil adalah Singapuranya, negeri yang mandiri dan sarwa swasembada, penduduknya makmur sejahtera bukan karena tergantung pada tanahnya yang subur dan hasil kekayaan alam yang berlimpah, melainkan karena olah daya dan rekayasa pikiran manusia penghuninya. Kremil, sembilan puluh persen penduduknya perempuan. Mereka korban kekerasan, perkosaan dan ketidakadilan. Kremil tempat manusia-manusia yang kalah dan tersingkir dari percaturan hidup, tapi mereka tidak menyerah dan berjuang untuk tetap hidup senang dan damai. Kremil tempat kumpulan orang terbuang dan terpuruk tak berdaya, korban kekerasan dan ketidakadilan. Ada korban yang jatuh karena Kekerasan Pemerintahan Dai nippon. korban keganasan Perang Kemerdekaan Bangsa. Korban zaman Nasakom. Korban G30S PKI. Korban salah didik Orde Baru. Kremil adalah secercah sejarah tragedi bangsa.",3.97
NI240049,WN24009,PN24004,Revelation,9789792798661,Indonesia,2011,Ther Melian (#1),448,"The story follows Vrey, a notorious thief, as she embarks onjourney to search for a legendary treasure, the Nymph Dress. Meanwhile, Valadin, a knight, is on a secret quest to seek thepower of the Aethers, the seven mythical beings worshippedby his race. When Vrey steals an important amulet requiredby Valadin to complete his quest, their paths converge andtheir hidden past is brought to light. Once the closest of companions, they now have to face eachother as enemies. This is the REVELATION of their sto ry... Editor's ""'2 fantasy novel set in a continent called Ther Melian,which shares several similarities with Indonesia. It is located in theequatol; with lush rain forests and mysterious wildlife. The stunning landscapeof Ther Melian is inhabited by many races and magical creatures.The story revolves around a thief and a knight, each of whom is willing tosacrifice anything to attain their heart's desire. This is the first book of theTher Melian series."" (",4.27
NI240050,WN24025,PN24012,Selena,9786020639512,Indonesia,2020,Bumi (#8),368,"""Selena"" dan ""Nebula"" adalah buku ke-8 dan ke-9 yang menceritakan siapa orangtua Raib dalam serial petualangan dunia paralel. Dua buku ini sebaiknya dibaca berurutan. Kedua buku ini juga bercerita tentang Akademi Bayangan Tingkat Tinggi, sekolah terbaik di seluruh Klan Bulan. Tentang persahabatan tiga mahasiswa, yang diam-diam memiliki rencana bertualang ke tempat-tempat jauh. Tapi petualangan itu berakhir buruk, saat persahabatan mereka diuji dengan rasa suka, egoisme, dan pengkhianatan. Ada banyak karakter baru, tempat-tempat baru, juga sejarah dunia paralel yang diungkap. Di dua buku ini kalian akan berkenalan dengan salah satu karakter paling kuat di dunia paralel sejauh ini. Tapi itu jika kalian bisa menebaknya. Dua buku ini bukan akhir. Justru awal terbukanya kembali portal menuju Klan Aldebaran.",4.3
